RF,Expected_Value_1,Expected_Value_2,Expected_Value_3
0.045,0.14257830663491977,0.17924796528268871,0.16965626914826132
