Asset1,Asset2,Asset3
0.030761731983131358,0.032587867669434126,0.03025954244159212
0.03258786766943412,0.05822636169800783,0.04163099507729272
0.030259542441592117,0.04163099507729272,0.05020332469889775
