Underlying,Strike,IV,TTM,RF,DivRate
85.08456402545869,74.57597620968984,0.22,148,0.045,0.044769999379902635
