weight1,weight2,weight3
0.42908751905778586,0.28460472748539295,0.28630775345682125
